{"cameraMode":{"drawMode":0,"name":"Shaded","section":"Shading Mode"},"sceneLighting":true,"audioPlay":false,"sceneViewState":{"showFog":true,"showMaterialUpdate":false,"showSkybox":true,"showFlares":true,"showImageEffects":true,"showParticleSystems":true,"showVisualEffectGraphs":true,"m_FxEnabled":true},"in2DMode":false,"pivot":{"x":646.5681762695313,"y":1487.736572265625,"z":52.91729736328125},"rotation":{"x":-0.10649365931749344,"y":-0.045623864978551868,"z":0.004886689595878124,"w":-0.9932426810264587},"size":1147.1280517578125,"orthographic":false}