{"cameraMode":{"drawMode":0,"name":"Shaded","section":"Shading Mode"},"sceneLighting":true,"audioPlay":false,"sceneViewState":{"showFog":true,"showMaterialUpdate":false,"showSkybox":true,"showFlares":true,"showImageEffects":true,"showParticleSystems":true,"showVisualEffectGraphs":true,"m_FxEnabled":true},"in2DMode":false,"pivot":{"x":0.17123454809188844,"y":-0.5680727958679199,"z":8.14082145690918},"rotation":{"x":-0.10649365931749344,"y":-0.045623864978551868,"z":0.004886689595878124,"w":-0.9932426810264587},"size":4.0690999031066898,"orthographic":false}